File Name,Scaled mol X,p_1,p_2,Scaled mol X2+,p_3,p_4,p_5,p_6,p_7,p_8
00.png,1,2.720875235,0.720875235,1,0.216844233,0.301426135,0.067073488,0.034228946,0,1.360437618
27.png,1,3.103046925,1.103046925,1,0.664505025,0.418672628,0.009934636,0,0,1.551523463
72.png,1,2.833672702,0.833672702,1,0.351940912,0.323678501,0.05662143,0.022405214,0,1.416836351
77.png,1,2.504937363,0.428081863,1,0.006628427,0.123067256,0.049163797,0.061601543,0.0768555,1.098757682
96.png,1,2.576257148,0.57142731,1,0.07952856,0.19687287,0.079883041,0.065214979,0.004829838,1.278468898
